Municipios;Distritos;Secciones;Indicadores de renta media y mediana;Periodo;Total
28079 Madrid;;;Renta neta media por persona ;2020;17.059
28079 Madrid;;;Renta neta media por persona ;2019;17.030
28079 Madrid;;;Renta neta media por persona ;2018;16.700
28079 Madrid;;;Renta neta media por persona ;2017;15.930
28079 Madrid;;;Renta neta media por persona ;2016;15.717
28079 Madrid;;;Renta neta media por persona ;2015;15.257
28079 Madrid;;;Renta neta media por hogar;2020;43.003
28079 Madrid;;;Renta neta media por hogar;2019;43.393
28079 Madrid;;;Renta neta media por hogar;2018;42.283
28079 Madrid;;;Renta neta media por hogar;2017;40.195
28079 Madrid;;;Renta neta media por hogar;2016;39.613
28079 Madrid;;;Renta neta media por hogar;2015;38.539
28079 Madrid;;;Media de la renta por unidad de consumo;2020;25.535
28079 Madrid;;;Media de la renta por unidad de consumo;2019;25.639
28079 Madrid;;;Media de la renta por unidad de consumo;2018;25.141
28079 Madrid;;;Media de la renta por unidad de consumo;2017;23.949
28079 Madrid;;;Media de la renta por unidad de consumo;2016;23.548
28079 Madrid;;;Media de la renta por unidad de consumo;2015;22.927
28079 Madrid;;;Mediana de la renta por unidad de consumo;2020;19.950
28079 Madrid;;;Mediana de la renta por unidad de consumo;2019;19.950
28079 Madrid;;;Mediana de la renta por unidad de consumo;2018;19.250
28079 Madrid;;;Mediana de la renta por unidad de consumo;2017;18.550
28079 Madrid;;;Mediana de la renta por unidad de consumo;2016;17.850
28079 Madrid;;;Mediana de la renta por unidad de consumo;2015;17.850
28079 Madrid;;;Renta bruta media por persona;2020;21.652
28079 Madrid;;;Renta bruta media por persona;2019;21.638
28079 Madrid;;;Renta bruta media por persona;2018;21.236
28079 Madrid;;;Renta bruta media por persona;2017;20.161
28079 Madrid;;;Renta bruta media por persona;2016;19.771
28079 Madrid;;;Renta bruta media por persona;2015;19.172
28079 Madrid;;;Renta bruta media por hogar;2020;54.580
28079 Madrid;;;Renta bruta media por hogar;2019;55.136
28079 Madrid;;;Renta bruta media por hogar;2018;53.768
28079 Madrid;;;Renta bruta media por hogar;2017;50.872
28079 Madrid;;;Renta bruta media por hogar;2016;49.831
28079 Madrid;;;Renta bruta media por hogar;2015;48.430
28079 Madrid;2807901 Madrid distrito 01;;Renta neta media por persona ;2020;18.314
28079 Madrid;2807901 Madrid distrito 01;;Renta neta media por persona ;2019;18.789
28079 Madrid;2807901 Madrid distrito 01;;Renta neta media por persona ;2018;17.932
28079 Madrid;2807901 Madrid distrito 01;;Renta neta media por persona ;2017;16.711
28079 Madrid;2807901 Madrid distrito 01;;Renta neta media por persona ;2016;16.147
28079 Madrid;2807901 Madrid distrito 01;;Renta neta media por persona ;2015;15.512
28079 Madrid;2807901 Madrid distrito 01;;Renta neta media por hogar;2020;36.984
28079 Madrid;2807901 Madrid distrito 01;;Renta neta media por hogar;2019;38.171
28079 Madrid;2807901 Madrid distrito 01;;Renta neta media por hogar;2018;36.072
28079 Madrid;2807901 Madrid distrito 01;;Renta neta media por hogar;2017;33.473
28079 Madrid;2807901 Madrid distrito 01;;Renta neta media por hogar;2016;32.458
28079 Madrid;2807901 Madrid distrito 01;;Renta neta media por hogar;2015;31.392
28079 Madrid;2807901 Madrid distrito 01;;Media de la renta por unidad de consumo;2020;25.307
28079 Madrid;2807901 Madrid distrito 01;;Media de la renta por unidad de consumo;2019;25.970
28079 Madrid;2807901 Madrid distrito 01;;Media de la renta por unidad de consumo;2018;24.823
28079 Madrid;2807901 Madrid distrito 01;;Media de la renta por unidad de consumo;2017;23.031
28079 Madrid;2807901 Madrid distrito 01;;Media de la renta por unidad de consumo;2016;22.249
28079 Madrid;2807901 Madrid distrito 01;;Media de la renta por unidad de consumo;2015;21.359
28079 Madrid;2807901 Madrid distrito 01;;Mediana de la renta por unidad de consumo;2020;19.950
28079 Madrid;2807901 Madrid distrito 01;;Mediana de la renta por unidad de consumo;2019;19.950
28079 Madrid;2807901 Madrid distrito 01;;Mediana de la renta por unidad de consumo;2018;19.250
28079 Madrid;2807901 Madrid distrito 01;;Mediana de la renta por unidad de consumo;2017;17.850
28079 Madrid;2807901 Madrid distrito 01;;Mediana de la renta por unidad de consumo;2016;17.150
28079 Madrid;2807901 Madrid distrito 01;;Mediana de la renta por unidad de consumo;2015;16.450
28079 Madrid;2807901 Madrid distrito 01;;Renta bruta media por persona;2020;23.515
28079 Madrid;2807901 Madrid distrito 01;;Renta bruta media por persona;2019;24.135
28079 Madrid;2807901 Madrid distrito 01;;Renta bruta media por persona;2018;23.062
28079 Madrid;2807901 Madrid distrito 01;;Renta bruta media por persona;2017;21.236
28079 Madrid;2807901 Madrid distrito 01;;Renta bruta media por persona;2016;20.364
28079 Madrid;2807901 Madrid distrito 01;;Renta bruta media por persona;2015;19.451
28079 Madrid;2807901 Madrid distrito 01;;Renta bruta media por hogar;2020;47.488
28079 Madrid;2807901 Madrid distrito 01;;Renta bruta media por hogar;2019;49.030
28079 Madrid;2807901 Madrid distrito 01;;Renta bruta media por hogar;2018;46.394
28079 Madrid;2807901 Madrid distrito 01;;Renta bruta media por hogar;2017;42.537
28079 Madrid;2807901 Madrid distrito 01;;Renta bruta media por hogar;2016;40.936
28079 Madrid;2807901 Madrid distrito 01;;Renta bruta media por hogar;2015;39.364
28079 Madrid;2807902 Madrid distrito 02;;Renta neta media por persona ;2020;19.284
28079 Madrid;2807902 Madrid distrito 02;;Renta neta media por persona ;2019;19.088
28079 Madrid;2807902 Madrid distrito 02;;Renta neta media por persona ;2018;18.473
28079 Madrid;2807902 Madrid distrito 02;;Renta neta media por persona ;2017;17.738
28079 Madrid;2807902 Madrid distrito 02;;Renta neta media por persona ;2016;17.306
28079 Madrid;2807902 Madrid distrito 02;;Renta neta media por persona ;2015;16.855
28079 Madrid;2807902 Madrid distrito 02;;Renta neta media por hogar;2020;45.310
28079 Madrid;2807902 Madrid distrito 02;;Renta neta media por hogar;2019;45.262
28079 Madrid;2807902 Madrid distrito 02;;Renta neta media por hogar;2018;43.789
28079 Madrid;2807902 Madrid distrito 02;;Renta neta media por hogar;2017;42.088
28079 Madrid;2807902 Madrid distrito 02;;Renta neta media por hogar;2016;41.122
28079 Madrid;2807902 Madrid distrito 02;;Renta neta media por hogar;2015;40.203
28079 Madrid;2807902 Madrid distrito 02;;Media de la renta por unidad de consumo;2020;28.177
28079 Madrid;2807902 Madrid distrito 02;;Media de la renta por unidad de consumo;2019;28.012
28079 Madrid;2807902 Madrid distrito 02;;Media de la renta por unidad de consumo;2018;27.161
28079 Madrid;2807902 Madrid distrito 02;;Media de la renta por unidad de consumo;2017;25.987
28079 Madrid;2807902 Madrid distrito 02;;Media de la renta por unidad de consumo;2016;25.415
28079 Madrid;2807902 Madrid distrito 02;;Media de la renta por unidad de consumo;2015;24.732
28079 Madrid;2807902 Madrid distrito 02;;Mediana de la renta por unidad de consumo;2020;25.550
28079 Madrid;2807902 Madrid distrito 02;;Mediana de la renta por unidad de consumo;2019;25.550
28079 Madrid;2807902 Madrid distrito 02;;Mediana de la renta por unidad de consumo;2018;24.150
28079 Madrid;2807902 Madrid distrito 02;;Mediana de la renta por unidad de consumo;2017;23.450
28079 Madrid;2807902 Madrid distrito 02;;Mediana de la renta por unidad de consumo;2016;22.750
28079 Madrid;2807902 Madrid distrito 02;;Mediana de la renta por unidad de consumo;2015;22.050
28079 Madrid;2807902 Madrid distrito 02;;Renta bruta media por persona;2020;24.443
28079 Madrid;2807902 Madrid distrito 02;;Renta bruta media por persona;2019;24.137
28079 Madrid;2807902 Madrid distrito 02;;Renta bruta media por persona;2018;23.373
28079 Madrid;2807902 Madrid distrito 02;;Renta bruta media por persona;2017;22.253
28079 Madrid;2807902 Madrid distrito 02;;Renta bruta media por persona;2016;21.650
28079 Madrid;2807902 Madrid distrito 02;;Renta bruta media por persona;2015;21.012
28079 Madrid;2807902 Madrid distrito 02;;Renta bruta media por hogar;2020;57.433
28079 Madrid;2807902 Madrid distrito 02;;Renta bruta media por hogar;2019;57.235
28079 Madrid;2807902 Madrid distrito 02;;Renta bruta media por hogar;2018;55.403
28079 Madrid;2807902 Madrid distrito 02;;Renta bruta media por hogar;2017;52.801
28079 Madrid;2807902 Madrid distrito 02;;Renta bruta media por hogar;2016;51.444
28079 Madrid;2807902 Madrid distrito 02;;Renta bruta media por hogar;2015;50.118
28079 Madrid;2807903 Madrid distrito 03;;Renta neta media por persona ;2020;23.227
28079 Madrid;2807903 Madrid distrito 03;;Renta neta media por persona ;2019;23.262
28079 Madrid;2807903 Madrid distrito 03;;Renta neta media por persona ;2018;22.706
28079 Madrid;2807903 Madrid distrito 03;;Renta neta media por persona ;2017;21.598
28079 Madrid;2807903 Madrid distrito 03;;Renta neta media por persona ;2016;21.504
28079 Madrid;2807903 Madrid distrito 03;;Renta neta media por persona ;2015;20.900
28079 Madrid;2807903 Madrid distrito 03;;Renta neta media por hogar;2020;56.302
28079 Madrid;2807903 Madrid distrito 03;;Renta neta media por hogar;2019;57.027
28079 Madrid;2807903 Madrid distrito 03;;Renta neta media por hogar;2018;55.775
28079 Madrid;2807903 Madrid distrito 03;;Renta neta media por hogar;2017;53.111
28079 Madrid;2807903 Madrid distrito 03;;Renta neta media por hogar;2016;52.963
28079 Madrid;2807903 Madrid distrito 03;;Renta neta media por hogar;2015;51.795
28079 Madrid;2807903 Madrid distrito 03;;Media de la renta por unidad de consumo;2020;34.790
28079 Madrid;2807903 Madrid distrito 03;;Media de la renta por unidad de consumo;2019;34.843
28079 Madrid;2807903 Madrid distrito 03;;Media de la renta por unidad de consumo;2018;34.260
28079 Madrid;2807903 Madrid distrito 03;;Media de la renta por unidad de consumo;2017;32.571
28079 Madrid;2807903 Madrid distrito 03;;Media de la renta por unidad de consumo;2016;32.274
28079 Madrid;2807903 Madrid distrito 03;;Media de la renta por unidad de consumo;2015;31.342
28079 Madrid;2807903 Madrid distrito 03;;Mediana de la renta por unidad de consumo;2020;29.050
28079 Madrid;2807903 Madrid distrito 03;;Mediana de la renta por unidad de consumo;2019;29.050
28079 Madrid;2807903 Madrid distrito 03;;Mediana de la renta por unidad de consumo;2018;28.350
28079 Madrid;2807903 Madrid distrito 03;;Mediana de la renta por unidad de consumo;2017;26.950
28079 Madrid;2807903 Madrid distrito 03;;Mediana de la renta por unidad de consumo;2016;26.950
28079 Madrid;2807903 Madrid distrito 03;;Mediana de la renta por unidad de consumo;2015;26.250
28079 Madrid;2807903 Madrid distrito 03;;Renta bruta media por persona;2020;30.316
28079 Madrid;2807903 Madrid distrito 03;;Renta bruta media por persona;2019;30.190
28079 Madrid;2807903 Madrid distrito 03;;Renta bruta media por persona;2018;29.586
28079 Madrid;2807903 Madrid distrito 03;;Renta bruta media por persona;2017;28.178
28079 Madrid;2807903 Madrid distrito 03;;Renta bruta media por persona;2016;27.816
28079 Madrid;2807903 Madrid distrito 03;;Renta bruta media por persona;2015;26.859
28079 Madrid;2807903 Madrid distrito 03;;Renta bruta media por hogar;2020;73.486
28079 Madrid;2807903 Madrid distrito 03;;Renta bruta media por hogar;2019;74.012
28079 Madrid;2807903 Madrid distrito 03;;Renta bruta media por hogar;2018;72.675
28079 Madrid;2807903 Madrid distrito 03;;Renta bruta media por hogar;2017;69.292
28079 Madrid;2807903 Madrid distrito 03;;Renta bruta media por hogar;2016;68.509
28079 Madrid;2807903 Madrid distrito 03;;Renta bruta media por hogar;2015;66.563
28079 Madrid;2807904 Madrid distrito 04;;Renta neta media por persona ;2020;25.932
28079 Madrid;2807904 Madrid distrito 04;;Renta neta media por persona ;2019;25.770
28079 Madrid;2807904 Madrid distrito 04;;Renta neta media por persona ;2018;26.255
28079 Madrid;2807904 Madrid distrito 04;;Renta neta media por persona ;2017;24.683
28079 Madrid;2807904 Madrid distrito 04;;Renta neta media por persona ;2016;24.433
28079 Madrid;2807904 Madrid distrito 04;;Renta neta media por persona ;2015;23.009
28079 Madrid;2807904 Madrid distrito 04;;Renta neta media por hogar;2020;60.401
28079 Madrid;2807904 Madrid distrito 04;;Renta neta media por hogar;2019;60.435
28079 Madrid;2807904 Madrid distrito 04;;Renta neta media por hogar;2018;61.466
28079 Madrid;2807904 Madrid distrito 04;;Renta neta media por hogar;2017;57.720
28079 Madrid;2807904 Madrid distrito 04;;Renta neta media por hogar;2016;57.147
28079 Madrid;2807904 Madrid distrito 04;;Renta neta media por hogar;2015;53.978
28079 Madrid;2807904 Madrid distrito 04;;Media de la renta por unidad de consumo;2020;39.001
28079 Madrid;2807904 Madrid distrito 04;;Media de la renta por unidad de consumo;2019;39.137
28079 Madrid;2807904 Madrid distrito 04;;Media de la renta por unidad de consumo;2018;39.059
28079 Madrid;2807904 Madrid distrito 04;;Media de la renta por unidad de consumo;2017;36.609
28079 Madrid;2807904 Madrid distrito 04;;Media de la renta por unidad de consumo;2016;35.628
28079 Madrid;2807904 Madrid distrito 04;;Media de la renta por unidad de consumo;2015;34.315
28079 Madrid;2807904 Madrid distrito 04;;Mediana de la renta por unidad de consumo;2020;28.350
28079 Madrid;2807904 Madrid distrito 04;;Mediana de la renta por unidad de consumo;2019;28.350
28079 Madrid;2807904 Madrid distrito 04;;Mediana de la renta por unidad de consumo;2018;27.650
28079 Madrid;2807904 Madrid distrito 04;;Mediana de la renta por unidad de consumo;2017;26.950
28079 Madrid;2807904 Madrid distrito 04;;Mediana de la renta por unidad de consumo;2016;26.250
28079 Madrid;2807904 Madrid distrito 04;;Mediana de la renta por unidad de consumo;2015;25.550
28079 Madrid;2807904 Madrid distrito 04;;Renta bruta media por persona;2020;34.962
28079 Madrid;2807904 Madrid distrito 04;;Renta bruta media por persona;2019;35.091
28079 Madrid;2807904 Madrid distrito 04;;Renta bruta media por persona;2018;35.635
28079 Madrid;2807904 Madrid distrito 04;;Renta bruta media por persona;2017;33.266
28079 Madrid;2807904 Madrid distrito 04;;Renta bruta media por persona;2016;32.560
28079 Madrid;2807904 Madrid distrito 04;;Renta bruta media por persona;2015;30.874
28079 Madrid;2807904 Madrid distrito 04;;Renta bruta media por hogar;2020;81.434
28079 Madrid;2807904 Madrid distrito 04;;Renta bruta media por hogar;2019;82.296
28079 Madrid;2807904 Madrid distrito 04;;Renta bruta media por hogar;2018;83.424
28079 Madrid;2807904 Madrid distrito 04;;Renta bruta media por hogar;2017;77.789
28079 Madrid;2807904 Madrid distrito 04;;Renta bruta media por hogar;2016;76.153
28079 Madrid;2807904 Madrid distrito 04;;Renta bruta media por hogar;2015;72.431
28079 Madrid;2807905 Madrid distrito 05;;Renta neta media por persona ;2020;27.719
28079 Madrid;2807905 Madrid distrito 05;;Renta neta media por persona ;2019;27.634
28079 Madrid;2807905 Madrid distrito 05;;Renta neta media por persona ;2018;28.190
28079 Madrid;2807905 Madrid distrito 05;;Renta neta media por persona ;2017;26.267
28079 Madrid;2807905 Madrid distrito 05;;Renta neta media por persona ;2016;25.969
28079 Madrid;2807905 Madrid distrito 05;;Renta neta media por persona ;2015;24.155
28079 Madrid;2807905 Madrid distrito 05;;Renta neta media por hogar;2020;69.202
28079 Madrid;2807905 Madrid distrito 05;;Renta neta media por hogar;2019;69.558
28079 Madrid;2807905 Madrid distrito 05;;Renta neta media por hogar;2018;70.735
28079 Madrid;2807905 Madrid distrito 05;;Renta neta media por hogar;2017;65.995
28079 Madrid;2807905 Madrid distrito 05;;Renta neta media por hogar;2016;65.260
28079 Madrid;2807905 Madrid distrito 05;;Renta neta media por hogar;2015;60.962
28079 Madrid;2807905 Madrid distrito 05;;Media de la renta por unidad de consumo;2020;42.903
28079 Madrid;2807905 Madrid distrito 05;;Media de la renta por unidad de consumo;2019;43.352
28079 Madrid;2807905 Madrid distrito 05;;Media de la renta por unidad de consumo;2018;44.413
28079 Madrid;2807905 Madrid distrito 05;;Media de la renta por unidad de consumo;2017;41.044
28079 Madrid;2807905 Madrid distrito 05;;Media de la renta por unidad de consumo;2016;40.046
28079 Madrid;2807905 Madrid distrito 05;;Media de la renta por unidad de consumo;2015;37.701
28079 Madrid;2807905 Madrid distrito 05;;Mediana de la renta por unidad de consumo;2020;31.150
28079 Madrid;2807905 Madrid distrito 05;;Mediana de la renta por unidad de consumo;2019;31.150
28079 Madrid;2807905 Madrid distrito 05;;Mediana de la renta por unidad de consumo;2018;30.450
28079 Madrid;2807905 Madrid distrito 05;;Mediana de la renta por unidad de consumo;2017;29.050
28079 Madrid;2807905 Madrid distrito 05;;Mediana de la renta por unidad de consumo;2016;28.350
28079 Madrid;2807905 Madrid distrito 05;;Mediana de la renta por unidad de consumo;2015;27.650
28079 Madrid;2807905 Madrid distrito 05;;Renta bruta media por persona;2020;37.669
28079 Madrid;2807905 Madrid distrito 05;;Renta bruta media por persona;2019;37.952
28079 Madrid;2807905 Madrid distrito 05;;Renta bruta media por persona;2018;38.719
28079 Madrid;2807905 Madrid distrito 05;;Renta bruta media por persona;2017;35.826
28079 Madrid;2807905 Madrid distrito 05;;Renta bruta media por persona;2016;35.057
28079 Madrid;2807905 Madrid distrito 05;;Renta bruta media por persona;2015;32.699
28079 Madrid;2807905 Madrid distrito 05;;Renta bruta media por hogar;2020;94.042
28079 Madrid;2807905 Madrid distrito 05;;Renta bruta media por hogar;2019;95.528
28079 Madrid;2807905 Madrid distrito 05;;Renta bruta media por hogar;2018;97.153
28079 Madrid;2807905 Madrid distrito 05;;Renta bruta media por hogar;2017;90.014
28079 Madrid;2807905 Madrid distrito 05;;Renta bruta media por hogar;2016;88.097
28079 Madrid;2807905 Madrid distrito 05;;Renta bruta media por hogar;2015;82.526
28079 Madrid;2807906 Madrid distrito 06;;Renta neta media por persona ;2020;16.336
28079 Madrid;2807906 Madrid distrito 06;;Renta neta media por persona ;2019;16.354
28079 Madrid;2807906 Madrid distrito 06;;Renta neta media por persona ;2018;15.742
28079 Madrid;2807906 Madrid distrito 06;;Renta neta media por persona ;2017;15.180
28079 Madrid;2807906 Madrid distrito 06;;Renta neta media por persona ;2016;14.970
28079 Madrid;2807906 Madrid distrito 06;;Renta neta media por persona ;2015;14.563
28079 Madrid;2807906 Madrid distrito 06;;Renta neta media por hogar;2020;38.799
28079 Madrid;2807906 Madrid distrito 06;;Renta neta media por hogar;2019;39.332
28079 Madrid;2807906 Madrid distrito 06;;Renta neta media por hogar;2018;37.557
28079 Madrid;2807906 Madrid distrito 06;;Renta neta media por hogar;2017;36.142
28079 Madrid;2807906 Madrid distrito 06;;Renta neta media por hogar;2016;35.609
28079 Madrid;2807906 Madrid distrito 06;;Renta neta media por hogar;2015;34.702
28079 Madrid;2807906 Madrid distrito 06;;Media de la renta por unidad de consumo;2020;23.462
28079 Madrid;2807906 Madrid distrito 06;;Media de la renta por unidad de consumo;2019;23.602
28079 Madrid;2807906 Madrid distrito 06;;Media de la renta por unidad de consumo;2018;22.642
28079 Madrid;2807906 Madrid distrito 06;;Media de la renta por unidad de consumo;2017;21.817
28079 Madrid;2807906 Madrid distrito 06;;Media de la renta por unidad de consumo;2016;21.524
28079 Madrid;2807906 Madrid distrito 06;;Media de la renta por unidad de consumo;2015;20.939
28079 Madrid;2807906 Madrid distrito 06;;Mediana de la renta por unidad de consumo;2020;18.550
28079 Madrid;2807906 Madrid distrito 06;;Mediana de la renta por unidad de consumo;2019;18.550
28079 Madrid;2807906 Madrid distrito 06;;Mediana de la renta por unidad de consumo;2018;17.850
28079 Madrid;2807906 Madrid distrito 06;;Mediana de la renta por unidad de consumo;2017;17.150
28079 Madrid;2807906 Madrid distrito 06;;Mediana de la renta por unidad de consumo;2016;16.450
28079 Madrid;2807906 Madrid distrito 06;;Mediana de la renta por unidad de consumo;2015;16.450
28079 Madrid;2807906 Madrid distrito 06;;Renta bruta media por persona;2020;20.476
28079 Madrid;2807906 Madrid distrito 06;;Renta bruta media por persona;2019;20.468
28079 Madrid;2807906 Madrid distrito 06;;Renta bruta media por persona;2018;19.614
28079 Madrid;2807906 Madrid distrito 06;;Renta bruta media por persona;2017;18.893
28079 Madrid;2807906 Madrid distrito 06;;Renta bruta media por persona;2016;18.557
28079 Madrid;2807906 Madrid distrito 06;;Renta bruta media por persona;2015;17.969
28079 Madrid;2807906 Madrid distrito 06;;Renta bruta media por hogar;2020;48.633
28079 Madrid;2807906 Madrid distrito 06;;Renta bruta media por hogar;2019;49.228
28079 Madrid;2807906 Madrid distrito 06;;Renta bruta media por hogar;2018;46.794
28079 Madrid;2807906 Madrid distrito 06;;Renta bruta media por hogar;2017;44.982
28079 Madrid;2807906 Madrid distrito 06;;Renta bruta media por hogar;2016;44.139
28079 Madrid;2807906 Madrid distrito 06;;Renta bruta media por hogar;2015;42.817
28079 Madrid;2807907 Madrid distrito 07;;Renta neta media por persona ;2020;24.913
28079 Madrid;2807907 Madrid distrito 07;;Renta neta media por persona ;2019;24.881
28079 Madrid;2807907 Madrid distrito 07;;Renta neta media por persona ;2018;24.112
28079 Madrid;2807907 Madrid distrito 07;;Renta neta media por persona ;2017;22.898
28079 Madrid;2807907 Madrid distrito 07;;Renta neta media por persona ;2016;22.499
28079 Madrid;2807907 Madrid distrito 07;;Renta neta media por persona ;2015;21.558
28079 Madrid;2807907 Madrid distrito 07;;Renta neta media por hogar;2020;55.757
28079 Madrid;2807907 Madrid distrito 07;;Renta neta media por hogar;2019;56.073
28079 Madrid;2807907 Madrid distrito 07;;Renta neta media por hogar;2018;54.328
28079 Madrid;2807907 Madrid distrito 07;;Renta neta media por hogar;2017;51.644
28079 Madrid;2807907 Madrid distrito 07;;Renta neta media por hogar;2016;50.882
28079 Madrid;2807907 Madrid distrito 07;;Renta neta media por hogar;2015;48.997
28079 Madrid;2807907 Madrid distrito 07;;Media de la renta por unidad de consumo;2020;36.552
28079 Madrid;2807907 Madrid distrito 07;;Media de la renta por unidad de consumo;2019;36.696
28079 Madrid;2807907 Madrid distrito 07;;Media de la renta por unidad de consumo;2018;35.631
28079 Madrid;2807907 Madrid distrito 07;;Media de la renta por unidad de consumo;2017;33.842
28079 Madrid;2807907 Madrid distrito 07;;Media de la renta por unidad de consumo;2016;33.057
28079 Madrid;2807907 Madrid distrito 07;;Media de la renta por unidad de consumo;2015;31.837
28079 Madrid;2807907 Madrid distrito 07;;Mediana de la renta por unidad de consumo;2020;28.350
28079 Madrid;2807907 Madrid distrito 07;;Mediana de la renta por unidad de consumo;2019;28.350
28079 Madrid;2807907 Madrid distrito 07;;Mediana de la renta por unidad de consumo;2018;26.950
28079 Madrid;2807907 Madrid distrito 07;;Mediana de la renta por unidad de consumo;2017;26.250
28079 Madrid;2807907 Madrid distrito 07;;Mediana de la renta por unidad de consumo;2016;25.550
28079 Madrid;2807907 Madrid distrito 07;;Mediana de la renta por unidad de consumo;2015;24.850
28079 Madrid;2807907 Madrid distrito 07;;Renta bruta media por persona;2020;33.182
28079 Madrid;2807907 Madrid distrito 07;;Renta bruta media por persona;2019;33.259
28079 Madrid;2807907 Madrid distrito 07;;Renta bruta media por persona;2018;32.607
28079 Madrid;2807907 Madrid distrito 07;;Renta bruta media por persona;2017;30.332
28079 Madrid;2807907 Madrid distrito 07;;Renta bruta media por persona;2016;29.467
28079 Madrid;2807907 Madrid distrito 07;;Renta bruta media por persona;2015;28.448
28079 Madrid;2807907 Madrid distrito 07;;Renta bruta media por hogar;2020;74.262
28079 Madrid;2807907 Madrid distrito 07;;Renta bruta media por hogar;2019;74.953
28079 Madrid;2807907 Madrid distrito 07;;Renta bruta media por hogar;2018;73.467
28079 Madrid;2807907 Madrid distrito 07;;Renta bruta media por hogar;2017;68.412
28079 Madrid;2807907 Madrid distrito 07;;Renta bruta media por hogar;2016;66.642
28079 Madrid;2807907 Madrid distrito 07;;Renta bruta media por hogar;2015;64.655
28079 Madrid;2807908 Madrid distrito 08;;Renta neta media por persona ;2020;20.217
28079 Madrid;2807908 Madrid distrito 08;;Renta neta media por persona ;2019;20.105
28079 Madrid;2807908 Madrid distrito 08;;Renta neta media por persona ;2018;19.551
28079 Madrid;2807908 Madrid distrito 08;;Renta neta media por persona ;2017;18.661
28079 Madrid;2807908 Madrid distrito 08;;Renta neta media por persona ;2016;18.573
28079 Madrid;2807908 Madrid distrito 08;;Renta neta media por persona ;2015;18.109
28079 Madrid;2807908 Madrid distrito 08;;Renta neta media por hogar;2020;54.292
28079 Madrid;2807908 Madrid distrito 08;;Renta neta media por hogar;2019;54.493
28079 Madrid;2807908 Madrid distrito 08;;Renta neta media por hogar;2018;52.858
28079 Madrid;2807908 Madrid distrito 08;;Renta neta media por hogar;2017;50.379
28079 Madrid;2807908 Madrid distrito 08;;Renta neta media por hogar;2016;50.087
28079 Madrid;2807908 Madrid distrito 08;;Renta neta media por hogar;2015;48.859
28079 Madrid;2807908 Madrid distrito 08;;Media de la renta por unidad de consumo;2020;31.578
28079 Madrid;2807908 Madrid distrito 08;;Media de la renta por unidad de consumo;2019;31.461
28079 Madrid;2807908 Madrid distrito 08;;Media de la renta por unidad de consumo;2018;30.660
28079 Madrid;2807908 Madrid distrito 08;;Media de la renta por unidad de consumo;2017;29.307
28079 Madrid;2807908 Madrid distrito 08;;Media de la renta por unidad de consumo;2016;29.042
28079 Madrid;2807908 Madrid distrito 08;;Media de la renta por unidad de consumo;2015;28.275
28079 Madrid;2807908 Madrid distrito 08;;Mediana de la renta por unidad de consumo;2020;26.250
28079 Madrid;2807908 Madrid distrito 08;;Mediana de la renta por unidad de consumo;2019;26.250
28079 Madrid;2807908 Madrid distrito 08;;Mediana de la renta por unidad de consumo;2018;24.850
28079 Madrid;2807908 Madrid distrito 08;;Mediana de la renta por unidad de consumo;2017;24.150
28079 Madrid;2807908 Madrid distrito 08;;Mediana de la renta por unidad de consumo;2016;23.450
28079 Madrid;2807908 Madrid distrito 08;;Mediana de la renta por unidad de consumo;2015;22.750
28079 Madrid;2807908 Madrid distrito 08;;Renta bruta media por persona;2020;26.196
28079 Madrid;2807908 Madrid distrito 08;;Renta bruta media por persona;2019;25.933
28079 Madrid;2807908 Madrid distrito 08;;Renta bruta media por persona;2018;25.252
28079 Madrid;2807908 Madrid distrito 08;;Renta bruta media por persona;2017;24.149
28079 Madrid;2807908 Madrid distrito 08;;Renta bruta media por persona;2016;23.850
28079 Madrid;2807908 Madrid distrito 08;;Renta bruta media por persona;2015;23.191
28079 Madrid;2807908 Madrid distrito 08;;Renta bruta media por hogar;2020;70.348
28079 Madrid;2807908 Madrid distrito 08;;Renta bruta media por hogar;2019;70.290
28079 Madrid;2807908 Madrid distrito 08;;Renta bruta media por hogar;2018;68.272
28079 Madrid;2807908 Madrid distrito 08;;Renta bruta media por hogar;2017;65.194
28079 Madrid;2807908 Madrid distrito 08;;Renta bruta media por hogar;2016;64.319
28079 Madrid;2807908 Madrid distrito 08;;Renta bruta media por hogar;2015;62.571
28079 Madrid;2807909 Madrid distrito 09;;Renta neta media por persona ;2020;24.138
28079 Madrid;2807909 Madrid distrito 09;;Renta neta media por persona ;2019;24.025
28079 Madrid;2807909 Madrid distrito 09;;Renta neta media por persona ;2018;24.686
28079 Madrid;2807909 Madrid distrito 09;;Renta neta media por persona ;2017;22.792
28079 Madrid;2807909 Madrid distrito 09;;Renta neta media por persona ;2016;22.152
28079 Madrid;2807909 Madrid distrito 09;;Renta neta media por persona ;2015;21.689
28079 Madrid;2807909 Madrid distrito 09;;Renta neta media por hogar;2020;62.202
28079 Madrid;2807909 Madrid distrito 09;;Renta neta media por hogar;2019;62.482
28079 Madrid;2807909 Madrid distrito 09;;Renta neta media por hogar;2018;64.066
28079 Madrid;2807909 Madrid distrito 09;;Renta neta media por hogar;2017;58.965
28079 Madrid;2807909 Madrid distrito 09;;Renta neta media por hogar;2016;57.423
28079 Madrid;2807909 Madrid distrito 09;;Renta neta media por hogar;2015;56.458
28079 Madrid;2807909 Madrid distrito 09;;Media de la renta por unidad de consumo;2020;37.574
28079 Madrid;2807909 Madrid distrito 09;;Media de la renta por unidad de consumo;2019;38.086
28079 Madrid;2807909 Madrid distrito 09;;Media de la renta por unidad de consumo;2018;38.778
28079 Madrid;2807909 Madrid distrito 09;;Media de la renta por unidad de consumo;2017;35.875
28079 Madrid;2807909 Madrid distrito 09;;Media de la renta por unidad de consumo;2016;34.692
28079 Madrid;2807909 Madrid distrito 09;;Media de la renta por unidad de consumo;2015;34.075
28079 Madrid;2807909 Madrid distrito 09;;Mediana de la renta por unidad de consumo;2020;27.650
28079 Madrid;2807909 Madrid distrito 09;;Mediana de la renta por unidad de consumo;2019;27.650
28079 Madrid;2807909 Madrid distrito 09;;Mediana de la renta por unidad de consumo;2018;26.950
28079 Madrid;2807909 Madrid distrito 09;;Mediana de la renta por unidad de consumo;2017;25.550
28079 Madrid;2807909 Madrid distrito 09;;Mediana de la renta por unidad de consumo;2016;24.850
28079 Madrid;2807909 Madrid distrito 09;;Mediana de la renta por unidad de consumo;2015;24.150
28079 Madrid;2807909 Madrid distrito 09;;Renta bruta media por persona;2020;32.484
28079 Madrid;2807909 Madrid distrito 09;;Renta bruta media por persona;2019;32.912
28079 Madrid;2807909 Madrid distrito 09;;Renta bruta media por persona;2018;33.511
28079 Madrid;2807909 Madrid distrito 09;;Renta bruta media por persona;2017;30.818
28079 Madrid;2807909 Madrid distrito 09;;Renta bruta media por persona;2016;29.716
28079 Madrid;2807909 Madrid distrito 09;;Renta bruta media por persona;2015;29.201
28079 Madrid;2807909 Madrid distrito 09;;Renta bruta media por hogar;2020;83.710
28079 Madrid;2807909 Madrid distrito 09;;Renta bruta media por hogar;2019;85.595
28079 Madrid;2807909 Madrid distrito 09;;Renta bruta media por hogar;2018;86.969
28079 Madrid;2807909 Madrid distrito 09;;Renta bruta media por hogar;2017;79.729
28079 Madrid;2807909 Madrid distrito 09;;Renta bruta media por hogar;2016;77.031
28079 Madrid;2807909 Madrid distrito 09;;Renta bruta media por hogar;2015;76.013
28079 Madrid;2807910 Madrid distrito 10;;Renta neta media por persona ;2020;13.261
28079 Madrid;2807910 Madrid distrito 10;;Renta neta media por persona ;2019;13.179
28079 Madrid;2807910 Madrid distrito 10;;Renta neta media por persona ;2018;12.749
28079 Madrid;2807910 Madrid distrito 10;;Renta neta media por persona ;2017;12.370
28079 Madrid;2807910 Madrid distrito 10;;Renta neta media por persona ;2016;12.232
28079 Madrid;2807910 Madrid distrito 10;;Renta neta media por persona ;2015;12.057
28079 Madrid;2807910 Madrid distrito 10;;Renta neta media por hogar;2020;32.957
28079 Madrid;2807910 Madrid distrito 10;;Renta neta media por hogar;2019;33.237
28079 Madrid;2807910 Madrid distrito 10;;Renta neta media por hogar;2018;31.872
28079 Madrid;2807910 Madrid distrito 10;;Renta neta media por hogar;2017;30.847
28079 Madrid;2807910 Madrid distrito 10;;Renta neta media por hogar;2016;30.490
28079 Madrid;2807910 Madrid distrito 10;;Renta neta media por hogar;2015;30.157
28079 Madrid;2807910 Madrid distrito 10;;Media de la renta por unidad de consumo;2020;19.276
28079 Madrid;2807910 Madrid distrito 10;;Media de la renta por unidad de consumo;2019;19.265
28079 Madrid;2807910 Madrid distrito 10;;Media de la renta por unidad de consumo;2018;18.630
28079 Madrid;2807910 Madrid distrito 10;;Media de la renta por unidad de consumo;2017;18.066
28079 Madrid;2807910 Madrid distrito 10;;Media de la renta por unidad de consumo;2016;17.881
28079 Madrid;2807910 Madrid distrito 10;;Media de la renta por unidad de consumo;2015;17.618
28079 Madrid;2807910 Madrid distrito 10;;Mediana de la renta por unidad de consumo;2020;17.150
28079 Madrid;2807910 Madrid distrito 10;;Mediana de la renta por unidad de consumo;2019;17.150
28079 Madrid;2807910 Madrid distrito 10;;Mediana de la renta por unidad de consumo;2018;16.450
28079 Madrid;2807910 Madrid distrito 10;;Mediana de la renta por unidad de consumo;2017;15.750
28079 Madrid;2807910 Madrid distrito 10;;Mediana de la renta por unidad de consumo;2016;15.750
28079 Madrid;2807910 Madrid distrito 10;;Mediana de la renta por unidad de consumo;2015;15.750
28079 Madrid;2807910 Madrid distrito 10;;Renta bruta media por persona;2020;15.802
28079 Madrid;2807910 Madrid distrito 10;;Renta bruta media por persona;2019;15.672
28079 Madrid;2807910 Madrid distrito 10;;Renta bruta media por persona;2018;15.120
28079 Madrid;2807910 Madrid distrito 10;;Renta bruta media por persona;2017;14.663
28079 Madrid;2807910 Madrid distrito 10;;Renta bruta media por persona;2016;14.457
28079 Madrid;2807910 Madrid distrito 10;;Renta bruta media por persona;2015;14.235
28079 Madrid;2807910 Madrid distrito 10;;Renta bruta media por hogar;2020;39.272
28079 Madrid;2807910 Madrid distrito 10;;Renta bruta media por hogar;2019;39.525
28079 Madrid;2807910 Madrid distrito 10;;Renta bruta media por hogar;2018;37.799
28079 Madrid;2807910 Madrid distrito 10;;Renta bruta media por hogar;2017;36.567
28079 Madrid;2807910 Madrid distrito 10;;Renta bruta media por hogar;2016;36.037
28079 Madrid;2807910 Madrid distrito 10;;Renta bruta media por hogar;2015;35.605
28079 Madrid;2807911 Madrid distrito 11;;Renta neta media por persona ;2020;11.713
28079 Madrid;2807911 Madrid distrito 11;;Renta neta media por persona ;2019;11.679
28079 Madrid;2807911 Madrid distrito 11;;Renta neta media por persona ;2018;11.327
28079 Madrid;2807911 Madrid distrito 11;;Renta neta media por persona ;2017;10.988
28079 Madrid;2807911 Madrid distrito 11;;Renta neta media por persona ;2016;10.872
28079 Madrid;2807911 Madrid distrito 11;;Renta neta media por persona ;2015;10.758
28079 Madrid;2807911 Madrid distrito 11;;Renta neta media por hogar;2020;30.890
28079 Madrid;2807911 Madrid distrito 11;;Renta neta media por hogar;2019;31.190
28079 Madrid;2807911 Madrid distrito 11;;Renta neta media por hogar;2018;29.842
28079 Madrid;2807911 Madrid distrito 11;;Renta neta media por hogar;2017;28.721
28079 Madrid;2807911 Madrid distrito 11;;Renta neta media por hogar;2016;28.301
28079 Madrid;2807911 Madrid distrito 11;;Renta neta media por hogar;2015;27.940
28079 Madrid;2807911 Madrid distrito 11;;Media de la renta por unidad de consumo;2020;17.295
28079 Madrid;2807911 Madrid distrito 11;;Media de la renta por unidad de consumo;2019;17.354
28079 Madrid;2807911 Madrid distrito 11;;Media de la renta por unidad de consumo;2018;16.824
28079 Madrid;2807911 Madrid distrito 11;;Media de la renta por unidad de consumo;2017;16.319
28079 Madrid;2807911 Madrid distrito 11;;Media de la renta por unidad de consumo;2016;16.122
28079 Madrid;2807911 Madrid distrito 11;;Media de la renta por unidad de consumo;2015;15.962
28079 Madrid;2807911 Madrid distrito 11;;Mediana de la renta por unidad de consumo;2020;15.050
28079 Madrid;2807911 Madrid distrito 11;;Mediana de la renta por unidad de consumo;2019;15.050
28079 Madrid;2807911 Madrid distrito 11;;Mediana de la renta por unidad de consumo;2018;14.350
28079 Madrid;2807911 Madrid distrito 11;;Mediana de la renta por unidad de consumo;2017;14.350
28079 Madrid;2807911 Madrid distrito 11;;Mediana de la renta por unidad de consumo;2016;13.650
28079 Madrid;2807911 Madrid distrito 11;;Mediana de la renta por unidad de consumo;2015;13.650
28079 Madrid;2807911 Madrid distrito 11;;Renta bruta media por persona;2020;13.854
28079 Madrid;2807911 Madrid distrito 11;;Renta bruta media por persona;2019;13.789
28079 Madrid;2807911 Madrid distrito 11;;Renta bruta media por persona;2018;13.356
28079 Madrid;2807911 Madrid distrito 11;;Renta bruta media por persona;2017;12.941
28079 Madrid;2807911 Madrid distrito 11;;Renta bruta media por persona;2016;12.757
28079 Madrid;2807911 Madrid distrito 11;;Renta bruta media por persona;2015;12.604
28079 Madrid;2807911 Madrid distrito 11;;Renta bruta media por hogar;2020;36.536
28079 Madrid;2807911 Madrid distrito 11;;Renta bruta media por hogar;2019;36.827
28079 Madrid;2807911 Madrid distrito 11;;Renta bruta media por hogar;2018;35.187
28079 Madrid;2807911 Madrid distrito 11;;Renta bruta media por hogar;2017;33.823
28079 Madrid;2807911 Madrid distrito 11;;Renta bruta media por hogar;2016;33.208
28079 Madrid;2807911 Madrid distrito 11;;Renta bruta media por hogar;2015;32.735
28079 Madrid;2807912 Madrid distrito 12;;Renta neta media por persona ;2020;10.239
28079 Madrid;2807912 Madrid distrito 12;;Renta neta media por persona ;2019;10.211
28079 Madrid;2807912 Madrid distrito 12;;Renta neta media por persona ;2018;9.860
28079 Madrid;2807912 Madrid distrito 12;;Renta neta media por persona ;2017;9.552
28079 Madrid;2807912 Madrid distrito 12;;Renta neta media por persona ;2016;9.395
28079 Madrid;2807912 Madrid distrito 12;;Renta neta media por persona ;2015;9.276
28079 Madrid;2807912 Madrid distrito 12;;Renta neta media por hogar;2020;28.770
28079 Madrid;2807912 Madrid distrito 12;;Renta neta media por hogar;2019;29.061
28079 Madrid;2807912 Madrid distrito 12;;Renta neta media por hogar;2018;27.674
28079 Madrid;2807912 Madrid distrito 12;;Renta neta media por hogar;2017;26.501
28079 Madrid;2807912 Madrid distrito 12;;Renta neta media por hogar;2016;25.954
28079 Madrid;2807912 Madrid distrito 12;;Renta neta media por hogar;2015;25.573
28079 Madrid;2807912 Madrid distrito 12;;Media de la renta por unidad de consumo;2020;15.359
28079 Madrid;2807912 Madrid distrito 12;;Media de la renta por unidad de consumo;2019;15.402
28079 Madrid;2807912 Madrid distrito 12;;Media de la renta por unidad de consumo;2018;14.853
28079 Madrid;2807912 Madrid distrito 12;;Media de la renta por unidad de consumo;2017;14.364
28079 Madrid;2807912 Madrid distrito 12;;Media de la renta por unidad de consumo;2016;14.139
28079 Madrid;2807912 Madrid distrito 12;;Media de la renta por unidad de consumo;2015;13.939
28079 Madrid;2807912 Madrid distrito 12;;Mediana de la renta por unidad de consumo;2020;13.650
28079 Madrid;2807912 Madrid distrito 12;;Mediana de la renta por unidad de consumo;2019;13.650
28079 Madrid;2807912 Madrid distrito 12;;Mediana de la renta por unidad de consumo;2018;12.950
28079 Madrid;2807912 Madrid distrito 12;;Mediana de la renta por unidad de consumo;2017;12.250
28079 Madrid;2807912 Madrid distrito 12;;Mediana de la renta por unidad de consumo;2016;12.250
28079 Madrid;2807912 Madrid distrito 12;;Mediana de la renta por unidad de consumo;2015;12.250
28079 Madrid;2807912 Madrid distrito 12;;Renta bruta media por persona;2020;11.928
28079 Madrid;2807912 Madrid distrito 12;;Renta bruta media por persona;2019;11.877
28079 Madrid;2807912 Madrid distrito 12;;Renta bruta media por persona;2018;11.442
28079 Madrid;2807912 Madrid distrito 12;;Renta bruta media por persona;2017;11.076
28079 Madrid;2807912 Madrid distrito 12;;Renta bruta media por persona;2016;10.872
28079 Madrid;2807912 Madrid distrito 12;;Renta bruta media por persona;2015;10.720
28079 Madrid;2807912 Madrid distrito 12;;Renta bruta media por hogar;2020;33.517
28079 Madrid;2807912 Madrid distrito 12;;Renta bruta media por hogar;2019;33.802
28079 Madrid;2807912 Madrid distrito 12;;Renta bruta media por hogar;2018;32.116
28079 Madrid;2807912 Madrid distrito 12;;Renta bruta media por hogar;2017;30.729
28079 Madrid;2807912 Madrid distrito 12;;Renta bruta media por hogar;2016;30.036
28079 Madrid;2807912 Madrid distrito 12;;Renta bruta media por hogar;2015;29.553
28079 Madrid;2807913 Madrid distrito 13;;Renta neta media por persona ;2020;10.445
28079 Madrid;2807913 Madrid distrito 13;;Renta neta media por persona ;2019;10.402
28079 Madrid;2807913 Madrid distrito 13;;Renta neta media por persona ;2018;10.045
28079 Madrid;2807913 Madrid distrito 13;;Renta neta media por persona ;2017;9.706
28079 Madrid;2807913 Madrid distrito 13;;Renta neta media por persona ;2016;9.545
28079 Madrid;2807913 Madrid distrito 13;;Renta neta media por persona ;2015;9.386
28079 Madrid;2807913 Madrid distrito 13;;Renta neta media por hogar;2020;27.714
28079 Madrid;2807913 Madrid distrito 13;;Renta neta media por hogar;2019;27.975
28079 Madrid;2807913 Madrid distrito 13;;Renta neta media por hogar;2018;26.652
28079 Madrid;2807913 Madrid distrito 13;;Renta neta media por hogar;2017;25.527
28079 Madrid;2807913 Madrid distrito 13;;Renta neta media por hogar;2016;25.029
28079 Madrid;2807913 Madrid distrito 13;;Renta neta media por hogar;2015;24.690
28079 Madrid;2807913 Madrid distrito 13;;Media de la renta por unidad de consumo;2020;15.377
28079 Madrid;2807913 Madrid distrito 13;;Media de la renta por unidad de consumo;2019;15.404
28079 Madrid;2807913 Madrid distrito 13;;Media de la renta por unidad de consumo;2018;14.862
28079 Madrid;2807913 Madrid distrito 13;;Media de la renta por unidad de consumo;2017;14.338
28079 Madrid;2807913 Madrid distrito 13;;Media de la renta por unidad de consumo;2016;14.104
28079 Madrid;2807913 Madrid distrito 13;;Media de la renta por unidad de consumo;2015;13.880
28079 Madrid;2807913 Madrid distrito 13;;Mediana de la renta por unidad de consumo;2020;13.650
28079 Madrid;2807913 Madrid distrito 13;;Mediana de la renta por unidad de consumo;2019;13.650
28079 Madrid;2807913 Madrid distrito 13;;Mediana de la renta por unidad de consumo;2018;12.950
28079 Madrid;2807913 Madrid distrito 13;;Mediana de la renta por unidad de consumo;2017;12.950
28079 Madrid;2807913 Madrid distrito 13;;Mediana de la renta por unidad de consumo;2016;12.250
28079 Madrid;2807913 Madrid distrito 13;;Mediana de la renta por unidad de consumo;2015;12.250
28079 Madrid;2807913 Madrid distrito 13;;Renta bruta media por persona;2020;12.088
28079 Madrid;2807913 Madrid distrito 13;;Renta bruta media por persona;2019;12.030
28079 Madrid;2807913 Madrid distrito 13;;Renta bruta media por persona;2018;11.599
28079 Madrid;2807913 Madrid distrito 13;;Renta bruta media por persona;2017;11.194
28079 Madrid;2807913 Madrid distrito 13;;Renta bruta media por persona;2016;10.979
28079 Madrid;2807913 Madrid distrito 13;;Renta bruta media por persona;2015;10.785
28079 Madrid;2807913 Madrid distrito 13;;Renta bruta media por hogar;2020;32.073
28079 Madrid;2807913 Madrid distrito 13;;Renta bruta media por hogar;2019;32.353
28079 Madrid;2807913 Madrid distrito 13;;Renta bruta media por hogar;2018;30.777
28079 Madrid;2807913 Madrid distrito 13;;Renta bruta media por hogar;2017;29.442
28079 Madrid;2807913 Madrid distrito 13;;Renta bruta media por hogar;2016;28.788
28079 Madrid;2807913 Madrid distrito 13;;Renta bruta media por hogar;2015;28.371
28079 Madrid;2807914 Madrid distrito 14;;Renta neta media por persona ;2020;15.294
28079 Madrid;2807914 Madrid distrito 14;;Renta neta media por persona ;2019;15.101
28079 Madrid;2807914 Madrid distrito 14;;Renta neta media por persona ;2018;14.637
28079 Madrid;2807914 Madrid distrito 14;;Renta neta media por persona ;2017;14.135
28079 Madrid;2807914 Madrid distrito 14;;Renta neta media por persona ;2016;13.944
28079 Madrid;2807914 Madrid distrito 14;;Renta neta media por persona ;2015;13.715
28079 Madrid;2807914 Madrid distrito 14;;Renta neta media por hogar;2020;37.890
28079 Madrid;2807914 Madrid distrito 14;;Renta neta media por hogar;2019;37.951
28079 Madrid;2807914 Madrid distrito 14;;Renta neta media por hogar;2018;36.755
28079 Madrid;2807914 Madrid distrito 14;;Renta neta media por hogar;2017;35.514
28079 Madrid;2807914 Madrid distrito 14;;Renta neta media por hogar;2016;35.059
28079 Madrid;2807914 Madrid distrito 14;;Renta neta media por hogar;2015;34.753
28079 Madrid;2807914 Madrid distrito 14;;Media de la renta por unidad de consumo;2020;22.335
28079 Madrid;2807914 Madrid distrito 14;;Media de la renta por unidad de consumo;2019;22.172
28079 Madrid;2807914 Madrid distrito 14;;Media de la renta por unidad de consumo;2018;21.520
28079 Madrid;2807914 Madrid distrito 14;;Media de la renta por unidad de consumo;2017;20.822
28079 Madrid;2807914 Madrid distrito 14;;Media de la renta por unidad de consumo;2016;20.561
28079 Madrid;2807914 Madrid distrito 14;;Media de la renta por unidad de consumo;2015;20.307
28079 Madrid;2807914 Madrid distrito 14;;Mediana de la renta por unidad de consumo;2020;19.250
28079 Madrid;2807914 Madrid distrito 14;;Mediana de la renta por unidad de consumo;2019;19.250
28079 Madrid;2807914 Madrid distrito 14;;Mediana de la renta por unidad de consumo;2018;18.550
28079 Madrid;2807914 Madrid distrito 14;;Mediana de la renta por unidad de consumo;2017;18.550
28079 Madrid;2807914 Madrid distrito 14;;Mediana de la renta por unidad de consumo;2016;17.850
28079 Madrid;2807914 Madrid distrito 14;;Mediana de la renta por unidad de consumo;2015;17.850
28079 Madrid;2807914 Madrid distrito 14;;Renta bruta media por persona;2020;18.620
28079 Madrid;2807914 Madrid distrito 14;;Renta bruta media por persona;2019;18.335
28079 Madrid;2807914 Madrid distrito 14;;Renta bruta media por persona;2018;17.726
28079 Madrid;2807914 Madrid distrito 14;;Renta bruta media por persona;2017;17.110
28079 Madrid;2807914 Madrid distrito 14;;Renta bruta media por persona;2016;16.840
28079 Madrid;2807914 Madrid distrito 14;;Renta bruta media por persona;2015;16.537
28079 Madrid;2807914 Madrid distrito 14;;Renta bruta media por hogar;2020;46.129
28079 Madrid;2807914 Madrid distrito 14;;Renta bruta media por hogar;2019;46.078
28079 Madrid;2807914 Madrid distrito 14;;Renta bruta media por hogar;2018;44.513
28079 Madrid;2807914 Madrid distrito 14;;Renta bruta media por hogar;2017;42.990
28079 Madrid;2807914 Madrid distrito 14;;Renta bruta media por hogar;2016;42.343
28079 Madrid;2807914 Madrid distrito 14;;Renta bruta media por hogar;2015;41.905
28079 Madrid;2807915 Madrid distrito 15;;Renta neta media por persona ;2020;16.436
28079 Madrid;2807915 Madrid distrito 15;;Renta neta media por persona ;2019;16.349
28079 Madrid;2807915 Madrid distrito 15;;Renta neta media por persona ;2018;15.815
28079 Madrid;2807915 Madrid distrito 15;;Renta neta media por persona ;2017;15.111
28079 Madrid;2807915 Madrid distrito 15;;Renta neta media por persona ;2016;15.048
28079 Madrid;2807915 Madrid distrito 15;;Renta neta media por persona ;2015;14.767
28079 Madrid;2807915 Madrid distrito 15;;Renta neta media por hogar;2020;40.532
28079 Madrid;2807915 Madrid distrito 15;;Renta neta media por hogar;2019;40.948
28079 Madrid;2807915 Madrid distrito 15;;Renta neta media por hogar;2018;39.425
28079 Madrid;2807915 Madrid distrito 15;;Renta neta media por hogar;2017;37.621
28079 Madrid;2807915 Madrid distrito 15;;Renta neta media por hogar;2016;37.421
28079 Madrid;2807915 Madrid distrito 15;;Renta neta media por hogar;2015;36.833
28079 Madrid;2807915 Madrid distrito 15;;Media de la renta por unidad de consumo;2020;24.229
28079 Madrid;2807915 Madrid distrito 15;;Media de la renta por unidad de consumo;2019;24.252
28079 Madrid;2807915 Madrid distrito 15;;Media de la renta por unidad de consumo;2018;23.452
28079 Madrid;2807915 Madrid distrito 15;;Media de la renta por unidad de consumo;2017;22.421
28079 Madrid;2807915 Madrid distrito 15;;Media de la renta por unidad de consumo;2016;22.334
28079 Madrid;2807915 Madrid distrito 15;;Media de la renta por unidad de consumo;2015;21.948
28079 Madrid;2807915 Madrid distrito 15;;Mediana de la renta por unidad de consumo;2020;19.250
28079 Madrid;2807915 Madrid distrito 15;;Mediana de la renta por unidad de consumo;2019;19.250
28079 Madrid;2807915 Madrid distrito 15;;Mediana de la renta por unidad de consumo;2018;18.550
28079 Madrid;2807915 Madrid distrito 15;;Mediana de la renta por unidad de consumo;2017;17.850
28079 Madrid;2807915 Madrid distrito 15;;Mediana de la renta por unidad de consumo;2016;17.850
28079 Madrid;2807915 Madrid distrito 15;;Mediana de la renta por unidad de consumo;2015;17.150
28079 Madrid;2807915 Madrid distrito 15;;Renta bruta media por persona;2020;20.559
28079 Madrid;2807915 Madrid distrito 15;;Renta bruta media por persona;2019;20.416
28079 Madrid;2807915 Madrid distrito 15;;Renta bruta media por persona;2018;19.695
28079 Madrid;2807915 Madrid distrito 15;;Renta bruta media por persona;2017;18.805
28079 Madrid;2807915 Madrid distrito 15;;Renta bruta media por persona;2016;18.657
28079 Madrid;2807915 Madrid distrito 15;;Renta bruta media por persona;2015;18.284
28079 Madrid;2807915 Madrid distrito 15;;Renta bruta media por hogar;2020;50.699
28079 Madrid;2807915 Madrid distrito 15;;Renta bruta media por hogar;2019;51.132
28079 Madrid;2807915 Madrid distrito 15;;Renta bruta media por hogar;2018;49.097
28079 Madrid;2807915 Madrid distrito 15;;Renta bruta media por hogar;2017;46.819
28079 Madrid;2807915 Madrid distrito 15;;Renta bruta media por hogar;2016;46.397
28079 Madrid;2807915 Madrid distrito 15;;Renta bruta media por hogar;2015;45.604
28079 Madrid;2807916 Madrid distrito 16;;Renta neta media por persona ;2020;19.890
28079 Madrid;2807916 Madrid distrito 16;;Renta neta media por persona ;2019;20.044
28079 Madrid;2807916 Madrid distrito 16;;Renta neta media por persona ;2018;19.759
28079 Madrid;2807916 Madrid distrito 16;;Renta neta media por persona ;2017;18.620
28079 Madrid;2807916 Madrid distrito 16;;Renta neta media por persona ;2016;18.277
28079 Madrid;2807916 Madrid distrito 16;;Renta neta media por persona ;2015;17.662
28079 Madrid;2807916 Madrid distrito 16;;Renta neta media por hogar;2020;52.880
28079 Madrid;2807916 Madrid distrito 16;;Renta neta media por hogar;2019;53.836
28079 Madrid;2807916 Madrid distrito 16;;Renta neta media por hogar;2018;52.944
28079 Madrid;2807916 Madrid distrito 16;;Renta neta media por hogar;2017;49.695
28079 Madrid;2807916 Madrid distrito 16;;Renta neta media por hogar;2016;48.688
28079 Madrid;2807916 Madrid distrito 16;;Renta neta media por hogar;2015;47.113
28079 Madrid;2807916 Madrid distrito 16;;Media de la renta por unidad de consumo;2020;31.144
28079 Madrid;2807916 Madrid distrito 16;;Media de la renta por unidad de consumo;2019;31.437
28079 Madrid;2807916 Madrid distrito 16;;Media de la renta por unidad de consumo;2018;31.103
28079 Madrid;2807916 Madrid distrito 16;;Media de la renta por unidad de consumo;2017;29.213
28079 Madrid;2807916 Madrid distrito 16;;Media de la renta por unidad de consumo;2016;28.561
28079 Madrid;2807916 Madrid distrito 16;;Media de la renta por unidad de consumo;2015;27.671
28079 Madrid;2807916 Madrid distrito 16;;Mediana de la renta por unidad de consumo;2020;24.150
28079 Madrid;2807916 Madrid distrito 16;;Mediana de la renta por unidad de consumo;2019;24.150
28079 Madrid;2807916 Madrid distrito 16;;Mediana de la renta por unidad de consumo;2018;23.450
28079 Madrid;2807916 Madrid distrito 16;;Mediana de la renta por unidad de consumo;2017;22.050
28079 Madrid;2807916 Madrid distrito 16;;Mediana de la renta por unidad de consumo;2016;21.350
28079 Madrid;2807916 Madrid distrito 16;;Mediana de la renta por unidad de consumo;2015;21.350
28079 Madrid;2807916 Madrid distrito 16;;Renta bruta media por persona;2020;26.085
28079 Madrid;2807916 Madrid distrito 16;;Renta bruta media por persona;2019;26.201
28079 Madrid;2807916 Madrid distrito 16;;Renta bruta media por persona;2018;25.926
28079 Madrid;2807916 Madrid distrito 16;;Renta bruta media por persona;2017;24.327
28079 Madrid;2807916 Madrid distrito 16;;Renta bruta media por persona;2016;23.731
28079 Madrid;2807916 Madrid distrito 16;;Renta bruta media por persona;2015;22.910
28079 Madrid;2807916 Madrid distrito 16;;Renta bruta media por hogar;2020;69.350
28079 Madrid;2807916 Madrid distrito 16;;Renta bruta media por hogar;2019;70.372
28079 Madrid;2807916 Madrid distrito 16;;Renta bruta media por hogar;2018;69.468
28079 Madrid;2807916 Madrid distrito 16;;Renta bruta media por hogar;2017;64.927
28079 Madrid;2807916 Madrid distrito 16;;Renta bruta media por hogar;2016;63.215
28079 Madrid;2807916 Madrid distrito 16;;Renta bruta media por hogar;2015;61.111
28079 Madrid;2807917 Madrid distrito 17;;Renta neta media por persona ;2020;10.591
28079 Madrid;2807917 Madrid distrito 17;;Renta neta media por persona ;2019;10.540
28079 Madrid;2807917 Madrid distrito 17;;Renta neta media por persona ;2018;10.164
28079 Madrid;2807917 Madrid distrito 17;;Renta neta media por persona ;2017;9.875
28079 Madrid;2807917 Madrid distrito 17;;Renta neta media por persona ;2016;9.756
28079 Madrid;2807917 Madrid distrito 17;;Renta neta media por persona ;2015;9.642
28079 Madrid;2807917 Madrid distrito 17;;Renta neta media por hogar;2020;29.640
28079 Madrid;2807917 Madrid distrito 17;;Renta neta media por hogar;2019;29.873
28079 Madrid;2807917 Madrid distrito 17;;Renta neta media por hogar;2018;28.407
28079 Madrid;2807917 Madrid distrito 17;;Renta neta media por hogar;2017;27.392
28079 Madrid;2807917 Madrid distrito 17;;Renta neta media por hogar;2016;26.915
28079 Madrid;2807917 Madrid distrito 17;;Renta neta media por hogar;2015;26.599
28079 Madrid;2807917 Madrid distrito 17;;Media de la renta por unidad de consumo;2020;15.938
28079 Madrid;2807917 Madrid distrito 17;;Media de la renta por unidad de consumo;2019;15.919
28079 Madrid;2807917 Madrid distrito 17;;Media de la renta por unidad de consumo;2018;15.351
28079 Madrid;2807917 Madrid distrito 17;;Media de la renta por unidad de consumo;2017;14.901
28079 Madrid;2807917 Madrid distrito 17;;Media de la renta por unidad de consumo;2016;14.716
28079 Madrid;2807917 Madrid distrito 17;;Media de la renta por unidad de consumo;2015;14.535
28079 Madrid;2807917 Madrid distrito 17;;Mediana de la renta por unidad de consumo;2020;14.350
28079 Madrid;2807917 Madrid distrito 17;;Mediana de la renta por unidad de consumo;2019;14.350
28079 Madrid;2807917 Madrid distrito 17;;Mediana de la renta por unidad de consumo;2018;13.650
28079 Madrid;2807917 Madrid distrito 17;;Mediana de la renta por unidad de consumo;2017;12.950
28079 Madrid;2807917 Madrid distrito 17;;Mediana de la renta por unidad de consumo;2016;12.950
28079 Madrid;2807917 Madrid distrito 17;;Mediana de la renta por unidad de consumo;2015;12.950
28079 Madrid;2807917 Madrid distrito 17;;Renta bruta media por persona;2020;12.374
28079 Madrid;2807917 Madrid distrito 17;;Renta bruta media por persona;2019;12.280
28079 Madrid;2807917 Madrid distrito 17;;Renta bruta media por persona;2018;11.823
28079 Madrid;2807917 Madrid distrito 17;;Renta bruta media por persona;2017;11.478
28079 Madrid;2807917 Madrid distrito 17;;Renta bruta media por persona;2016;11.320
28079 Madrid;2807917 Madrid distrito 17;;Renta bruta media por persona;2015;11.172
28079 Madrid;2807917 Madrid distrito 17;;Renta bruta media por hogar;2020;34.628
28079 Madrid;2807917 Madrid distrito 17;;Renta bruta media por hogar;2019;34.805
28079 Madrid;2807917 Madrid distrito 17;;Renta bruta media por hogar;2018;33.042
28079 Madrid;2807917 Madrid distrito 17;;Renta bruta media por hogar;2017;31.838
28079 Madrid;2807917 Madrid distrito 17;;Renta bruta media por hogar;2016;31.230
28079 Madrid;2807917 Madrid distrito 17;;Renta bruta media por hogar;2015;30.820
28079 Madrid;2807918 Madrid distrito 18;;Renta neta media por persona ;2020;13.099
28079 Madrid;2807918 Madrid distrito 18;;Renta neta media por persona ;2019;12.976
28079 Madrid;2807918 Madrid distrito 18;;Renta neta media por persona ;2018;12.545
28079 Madrid;2807918 Madrid distrito 18;;Renta neta media por persona ;2017;12.114
28079 Madrid;2807918 Madrid distrito 18;;Renta neta media por persona ;2016;11.925
28079 Madrid;2807918 Madrid distrito 18;;Renta neta media por persona ;2015;11.688
28079 Madrid;2807918 Madrid distrito 18;;Renta neta media por hogar;2020;34.190
28079 Madrid;2807918 Madrid distrito 18;;Renta neta media por hogar;2019;34.168
28079 Madrid;2807918 Madrid distrito 18;;Renta neta media por hogar;2018;32.765
28079 Madrid;2807918 Madrid distrito 18;;Renta neta media por hogar;2017;31.447
28079 Madrid;2807918 Madrid distrito 18;;Renta neta media por hogar;2016;30.861
28079 Madrid;2807918 Madrid distrito 18;;Renta neta media por hogar;2015;30.175
28079 Madrid;2807918 Madrid distrito 18;;Media de la renta por unidad de consumo;2020;19.712
28079 Madrid;2807918 Madrid distrito 18;;Media de la renta por unidad de consumo;2019;19.607
28079 Madrid;2807918 Madrid distrito 18;;Media de la renta por unidad de consumo;2018;18.918
28079 Madrid;2807918 Madrid distrito 18;;Media de la renta por unidad de consumo;2017;18.216
28079 Madrid;2807918 Madrid distrito 18;;Media de la renta por unidad de consumo;2016;17.914
28079 Madrid;2807918 Madrid distrito 18;;Media de la renta por unidad de consumo;2015;17.502
28079 Madrid;2807918 Madrid distrito 18;;Mediana de la renta por unidad de consumo;2020;17.850
28079 Madrid;2807918 Madrid distrito 18;;Mediana de la renta por unidad de consumo;2019;17.850
28079 Madrid;2807918 Madrid distrito 18;;Mediana de la renta por unidad de consumo;2018;17.150
28079 Madrid;2807918 Madrid distrito 18;;Mediana de la renta por unidad de consumo;2017;16.450
28079 Madrid;2807918 Madrid distrito 18;;Mediana de la renta por unidad de consumo;2016;16.450
28079 Madrid;2807918 Madrid distrito 18;;Mediana de la renta por unidad de consumo;2015;15.750
28079 Madrid;2807918 Madrid distrito 18;;Renta bruta media por persona;2020;15.779
28079 Madrid;2807918 Madrid distrito 18;;Renta bruta media por persona;2019;15.615
28079 Madrid;2807918 Madrid distrito 18;;Renta bruta media por persona;2018;15.053
28079 Madrid;2807918 Madrid distrito 18;;Renta bruta media por persona;2017;14.526
28079 Madrid;2807918 Madrid distrito 18;;Renta bruta media por persona;2016;14.238
28079 Madrid;2807918 Madrid distrito 18;;Renta bruta media por persona;2015;13.926
28079 Madrid;2807918 Madrid distrito 18;;Renta bruta media por hogar;2020;41.186
28079 Madrid;2807918 Madrid distrito 18;;Renta bruta media por hogar;2019;41.118
28079 Madrid;2807918 Madrid distrito 18;;Renta bruta media por hogar;2018;39.314
28079 Madrid;2807918 Madrid distrito 18;;Renta bruta media por hogar;2017;37.709
28079 Madrid;2807918 Madrid distrito 18;;Renta bruta media por hogar;2016;36.847
28079 Madrid;2807918 Madrid distrito 18;;Renta bruta media por hogar;2015;35.955
28079 Madrid;2807919 Madrid distrito 19;;Renta neta media por persona ;2020;13.123
28079 Madrid;2807919 Madrid distrito 19;;Renta neta media por persona ;2019;12.916
28079 Madrid;2807919 Madrid distrito 19;;Renta neta media por persona ;2018;12.353
28079 Madrid;2807919 Madrid distrito 19;;Renta neta media por persona ;2017;11.941
28079 Madrid;2807919 Madrid distrito 19;;Renta neta media por persona ;2016;11.695
28079 Madrid;2807919 Madrid distrito 19;;Renta neta media por persona ;2015;11.375
28079 Madrid;2807919 Madrid distrito 19;;Renta neta media por hogar;2020;35.589
28079 Madrid;2807919 Madrid distrito 19;;Renta neta media por hogar;2019;35.510
28079 Madrid;2807919 Madrid distrito 19;;Renta neta media por hogar;2018;33.870
28079 Madrid;2807919 Madrid distrito 19;;Renta neta media por hogar;2017;32.713
28079 Madrid;2807919 Madrid distrito 19;;Renta neta media por hogar;2016;32.152
28079 Madrid;2807919 Madrid distrito 19;;Renta neta media por hogar;2015;31.466
28079 Madrid;2807919 Madrid distrito 19;;Media de la renta por unidad de consumo;2020;19.907
28079 Madrid;2807919 Madrid distrito 19;;Media de la renta por unidad de consumo;2019;19.715
28079 Madrid;2807919 Madrid distrito 19;;Media de la renta por unidad de consumo;2018;18.999
28079 Madrid;2807919 Madrid distrito 19;;Media de la renta por unidad de consumo;2017;18.345
28079 Madrid;2807919 Madrid distrito 19;;Media de la renta por unidad de consumo;2016;18.018
28079 Madrid;2807919 Madrid distrito 19;;Media de la renta por unidad de consumo;2015;17.597
28079 Madrid;2807919 Madrid distrito 19;;Mediana de la renta por unidad de consumo;2020;17.850
28079 Madrid;2807919 Madrid distrito 19;;Mediana de la renta por unidad de consumo;2019;17.850
28079 Madrid;2807919 Madrid distrito 19;;Mediana de la renta por unidad de consumo;2018;17.150
28079 Madrid;2807919 Madrid distrito 19;;Mediana de la renta por unidad de consumo;2017;16.450
28079 Madrid;2807919 Madrid distrito 19;;Mediana de la renta por unidad de consumo;2016;16.450
28079 Madrid;2807919 Madrid distrito 19;;Mediana de la renta por unidad de consumo;2015;15.750
28079 Madrid;2807919 Madrid distrito 19;;Renta bruta media por persona;2020;15.875
28079 Madrid;2807919 Madrid distrito 19;;Renta bruta media por persona;2019;15.582
28079 Madrid;2807919 Madrid distrito 19;;Renta bruta media por persona;2018;14.908
28079 Madrid;2807919 Madrid distrito 19;;Renta bruta media por persona;2017;14.363
28079 Madrid;2807919 Madrid distrito 19;;Renta bruta media por persona;2016;14.021
28079 Madrid;2807919 Madrid distrito 19;;Renta bruta media por persona;2015;13.604
28079 Madrid;2807919 Madrid distrito 19;;Renta bruta media por hogar;2020;43.054
28079 Madrid;2807919 Madrid distrito 19;;Renta bruta media por hogar;2019;42.841
28079 Madrid;2807919 Madrid distrito 19;;Renta bruta media por hogar;2018;40.878
28079 Madrid;2807919 Madrid distrito 19;;Renta bruta media por hogar;2017;39.348
28079 Madrid;2807919 Madrid distrito 19;;Renta bruta media por hogar;2016;38.547
28079 Madrid;2807919 Madrid distrito 19;;Renta bruta media por hogar;2015;37.633
28079 Madrid;2807920 Madrid distrito 20;;Renta neta media por persona ;2020;14.537
28079 Madrid;2807920 Madrid distrito 20;;Renta neta media por persona ;2019;14.545
28079 Madrid;2807920 Madrid distrito 20;;Renta neta media por persona ;2018;14.100
28079 Madrid;2807920 Madrid distrito 20;;Renta neta media por persona ;2017;13.559
28079 Madrid;2807920 Madrid distrito 20;;Renta neta media por persona ;2016;13.404
28079 Madrid;2807920 Madrid distrito 20;;Renta neta media por persona ;2015;13.171
28079 Madrid;2807920 Madrid distrito 20;;Renta neta media por hogar;2020;38.163
28079 Madrid;2807920 Madrid distrito 20;;Renta neta media por hogar;2019;38.560
28079 Madrid;2807920 Madrid distrito 20;;Renta neta media por hogar;2018;37.112
28079 Madrid;2807920 Madrid distrito 20;;Renta neta media por hogar;2017;35.546
28079 Madrid;2807920 Madrid distrito 20;;Renta neta media por hogar;2016;35.077
28079 Madrid;2807920 Madrid distrito 20;;Renta neta media por hogar;2015;34.498
28079 Madrid;2807920 Madrid distrito 20;;Media de la renta por unidad de consumo;2020;21.874
28079 Madrid;2807920 Madrid distrito 20;;Media de la renta por unidad de consumo;2019;21.991
28079 Madrid;2807920 Madrid distrito 20;;Media de la renta por unidad de consumo;2018;21.371
28079 Madrid;2807920 Madrid distrito 20;;Media de la renta por unidad de consumo;2017;20.575
28079 Madrid;2807920 Madrid distrito 20;;Media de la renta por unidad de consumo;2016;20.379
28079 Madrid;2807920 Madrid distrito 20;;Media de la renta por unidad de consumo;2015;20.069
28079 Madrid;2807920 Madrid distrito 20;;Mediana de la renta por unidad de consumo;2020;18.550
28079 Madrid;2807920 Madrid distrito 20;;Mediana de la renta por unidad de consumo;2019;18.550
28079 Madrid;2807920 Madrid distrito 20;;Mediana de la renta por unidad de consumo;2018;17.850
28079 Madrid;2807920 Madrid distrito 20;;Mediana de la renta por unidad de consumo;2017;17.150
28079 Madrid;2807920 Madrid distrito 20;;Mediana de la renta por unidad de consumo;2016;17.150
28079 Madrid;2807920 Madrid distrito 20;;Mediana de la renta por unidad de consumo;2015;16.450
28079 Madrid;2807920 Madrid distrito 20;;Renta bruta media por persona;2020;17.919
28079 Madrid;2807920 Madrid distrito 20;;Renta bruta media por persona;2019;17.899
28079 Madrid;2807920 Madrid distrito 20;;Renta bruta media por persona;2018;17.320
28079 Madrid;2807920 Madrid distrito 20;;Renta bruta media por persona;2017;16.592
28079 Madrid;2807920 Madrid distrito 20;;Renta bruta media por persona;2016;16.378
28079 Madrid;2807920 Madrid distrito 20;;Renta bruta media por persona;2015;16.065
28079 Madrid;2807920 Madrid distrito 20;;Renta bruta media por hogar;2020;47.039
28079 Madrid;2807920 Madrid distrito 20;;Renta bruta media por hogar;2019;47.453
28079 Madrid;2807920 Madrid distrito 20;;Renta bruta media por hogar;2018;45.589
28079 Madrid;2807920 Madrid distrito 20;;Renta bruta media por hogar;2017;43.499
28079 Madrid;2807920 Madrid distrito 20;;Renta bruta media por hogar;2016;42.858
28079 Madrid;2807920 Madrid distrito 20;;Renta bruta media por hogar;2015;42.075
28079 Madrid;2807921 Madrid distrito 21;;Renta neta media por persona ;2020;19.138
28079 Madrid;2807921 Madrid distrito 21;;Renta neta media por persona ;2019;19.026
28079 Madrid;2807921 Madrid distrito 21;;Renta neta media por persona ;2018;18.514
28079 Madrid;2807921 Madrid distrito 21;;Renta neta media por persona ;2017;17.807
28079 Madrid;2807921 Madrid distrito 21;;Renta neta media por persona ;2016;17.641
28079 Madrid;2807921 Madrid distrito 21;;Renta neta media por persona ;2015;17.257
28079 Madrid;2807921 Madrid distrito 21;;Renta neta media por hogar;2020;50.985
28079 Madrid;2807921 Madrid distrito 21;;Renta neta media por hogar;2019;51.108
28079 Madrid;2807921 Madrid distrito 21;;Renta neta media por hogar;2018;49.615
28079 Madrid;2807921 Madrid distrito 21;;Renta neta media por hogar;2017;47.782
28079 Madrid;2807921 Madrid distrito 21;;Renta neta media por hogar;2016;47.389
28079 Madrid;2807921 Madrid distrito 21;;Renta neta media por hogar;2015;46.347
28079 Madrid;2807921 Madrid distrito 21;;Media de la renta por unidad de consumo;2020;29.553
28079 Madrid;2807921 Madrid distrito 21;;Media de la renta por unidad de consumo;2019;29.561
28079 Madrid;2807921 Madrid distrito 21;;Media de la renta por unidad de consumo;2018;28.720
28079 Madrid;2807921 Madrid distrito 21;;Media de la renta por unidad de consumo;2017;27.669
28079 Madrid;2807921 Madrid distrito 21;;Media de la renta por unidad de consumo;2016;27.442
28079 Madrid;2807921 Madrid distrito 21;;Media de la renta por unidad de consumo;2015;26.869
28079 Madrid;2807921 Madrid distrito 21;;Mediana de la renta por unidad de consumo;2020;24.850
28079 Madrid;2807921 Madrid distrito 21;;Mediana de la renta por unidad de consumo;2019;24.850
28079 Madrid;2807921 Madrid distrito 21;;Mediana de la renta por unidad de consumo;2018;24.150
28079 Madrid;2807921 Madrid distrito 21;;Mediana de la renta por unidad de consumo;2017;23.450
28079 Madrid;2807921 Madrid distrito 21;;Mediana de la renta por unidad de consumo;2016;22.750
28079 Madrid;2807921 Madrid distrito 21;;Mediana de la renta por unidad de consumo;2015;22.750
28079 Madrid;2807921 Madrid distrito 21;;Renta bruta media por persona;2020;24.570
28079 Madrid;2807921 Madrid distrito 21;;Renta bruta media por persona;2019;24.393
28079 Madrid;2807921 Madrid distrito 21;;Renta bruta media por persona;2018;23.666
28079 Madrid;2807921 Madrid distrito 21;;Renta bruta media por persona;2017;22.703
28079 Madrid;2807921 Madrid distrito 21;;Renta bruta media por persona;2016;22.453
28079 Madrid;2807921 Madrid distrito 21;;Renta bruta media por persona;2015;22.015
28079 Madrid;2807921 Madrid distrito 21;;Renta bruta media por hogar;2020;65.454
28079 Madrid;2807921 Madrid distrito 21;;Renta bruta media por hogar;2019;65.523
28079 Madrid;2807921 Madrid distrito 21;;Renta bruta media por hogar;2018;63.422
28079 Madrid;2807921 Madrid distrito 21;;Renta bruta media por hogar;2017;60.920
28079 Madrid;2807921 Madrid distrito 21;;Renta bruta media por hogar;2016;60.314
28079 Madrid;2807921 Madrid distrito 21;;Renta bruta media por hogar;2015;59.125
